Red,Blue,Green,Class
62.474133333333334,62.06648888888889,88.9632,1
27.0400892582333,28.030701754385966,57.77746999076639,1
67.966,67.2028,94.2264,1
248.0,248.0,248.0,1
49.99992305324715,49.99992305324715,49.99992305324715,1
84.08101120367711,83.97112898592358,46.567150244182706,1
32.03635191430272,31.028218607419163,72.54393969450506,1
250.0,249.0,254.0,1
55.000216262975776,55.043090397923876,62.91106185121107,1
250.0,251.0,246.0,1
34.245152354570635,33.933518005540165,60.433518005540165,1
75.55548469387755,76.45758928571429,70.7720025510204,1
111.3853550295858,110.55029585798816,58.60207100591716,1
250.0,250.0,250.0,1
249.0,250.0,254.0,1
81.98765432098766,82.98456790123457,65.51851851851852,1
63.12006427915519,63.97578053259871,83.88544536271809,1
100.0988,101.1708,84.4808,1
97.0029296875,96.92654079861111,63.269314236111114,1
58.011204164780445,57.93141693073789,50.15912177455862,1
37.8834940312213,38.11685032139577,71.63205922865014,1
82.74134948096886,82.77595155709342,59.50173010380623,1
251.0,250.0,245.0,1
37.12432861328125,37.9122314453125,59.04840087890625,1
40.0748,41.0884,70.4832,1
52.015029585798814,51.93029585798816,63.77775147928994,1
25.13286130778842,25.03102873802582,78.50655976676384,1
86.478515625,86.0107421875,67.1015625,1
78.85549399815328,78.0842566943675,57.160203139427516,1
250.0,250.0,252.0,1
100.46260387811634,101.24445983379502,96.08864265927978,1
28.493827160493826,27.606666666666666,68.80604938271605,1
33.510355029585796,33.31065088757396,55.32692307692308,1
45.014332473715534,43.95204324538782,61.75768696687165,1
65.0008,65.0008,63.004,1
250.0,250.0,250.0,1
249.0,251.0,250.0,1
30.115114795918366,30.169005102040817,62.89126275510204,1
56.0085197710718,56.02328303850156,65.88169875130073,1
73.0700183654729,73.90105601469237,58.30211202938476,1
93.80999342537804,93.91584483892176,56.919789612097304,1
249.0,250.0,254.0,1
250.0,250.0,248.0,1
68.9804,68.9804,68.9804,1
86.87269619500594,86.98989298454221,61.22584720570749,1
86.0071540062435,85.93671956295526,60.11433402705515,1
251.5,253.25,248.0,1
249.0,251.0,248.0,1
49.00051652892562,48.047262396694215,61.98928202479339,1
54.67881944444444,55.203125,72.22916666666667,1
47.1325,47.979166666666664,67.63972222222222,1
250.0,250.0,252.0,1
250.0,250.0,250.0,1
250.0,250.0,252.0,1
105.81142857142858,105.74775510204081,74.08979591836734,1
79.9859693877551,80.70663265306122,67.24872448979592,1
47.014033064206075,46.02768166089965,61.73029603998462,1
250.0,250.0,252.0,1
75.99810964083176,76.90170132325142,72.18336483931947,1
93.92603806228374,93.04265787197232,62.304011678200695,1
50.000059171597634,50.9998224852071,55.97810650887574,1
78.9876,78.8664,71.1752,1
250.0,250.0,248.0,1
106.75,107.76479289940828,67.28254437869822,1
45.94683799445704,45.13038548752834,86.60903250188964,1
250.0,249.0,254.0,1
51.466796875,51.9697265625,71.1767578125,1
250.0,250.0,250.0,1
72.76859504132231,73.37086776859505,80.81714876033058,1
57.01129607609988,56.02794292508918,61.82223543400713,1
75.9886,77.0092,59.1051,1
71.9999,71.9999,73.9823,1
58.05277252678009,57.90968283973955,50.04841419869775,1
44.055301848964135,44.967364669191355,65.92114056582759,1
30.160687869822485,31.038276627218934,86.36871301775147,1
250.0,250.0,250.0,1
93.00981404958678,92.95273760330579,55.65702479338843,1
40.70602493074792,41.74567174515236,93.26748614958449,1
37.10513229498968,36.046631638206044,66.77111090260837,1
53.983942488578336,53.983942488578336,51.99092985756517,1
249.0,250.0,245.0,1
41.78696051423324,41.456382001836545,66.61524334251607,1
58.99905517762661,59.02922650541698,47.16345427059713,1
45.11080332409972,45.42936288088643,77.44390581717451,1
73.0,73.876953125,69.076171875,1
81.97616699539776,82.97370151216305,76.87984878369494,1
68.99653979238754,68.99567474048443,59.141868512110726,1
71.97229916897507,71.83240997229917,62.4314404432133,1
95.96933673469388,95.99321428571429,58.30280612244898,1
82.95033482142857,82.85339604591837,59.34159757653061,1
91.92474489795919,91.87181122448979,66.64381377551021,1
101.89386094674556,101.94896449704142,74.97818047337279,1
250.0,251.0,246.0,1
250.0,250.0,250.0,1
47.05051650289746,47.03823381204334,72.87062232300327,1
250.0,249.0,254.0,1
250.0,250.0,250.0,1
250.0,250.0,250.0,1
251.0,250.0,248.0,1
93.82142857142857,93.89484126984127,70.27565192743764,1
252.25,252.25,250.25,1
104.4105930285197,105.37483023992758,76.28655500226347,1
250.0,251.0,246.0,1
57.0224,57.1776,64.846,1
248.0,248.0,248.0,1
249.0,250.0,254.0,1
68.98645546372819,69.98002754820936,63.96556473829201,1
250.0,250.0,248.0,1
250.0,250.0,250.0,1
250.0,250.0,248.0,1
100.97912330905307,100.03524973985432,69.31236992715921,1
49.28550295857988,48.14792899408284,78.4578402366864,1
88.74588375322357,88.87001586986709,77.11575084308669,1
247.0,247.0,247.0,1
42.0308,42.1528,49.71,1
250.0,250.0,250.0,1
59.005580357142854,58.92530293367347,51.13536352040816,1
101.84056122448979,102.8061224489796,62.577806122448976,1
66.995849609375,66.975341796875,57.2470703125,1
101.95,102.925625,72.398125,1
249.0,249.0,255.0,1
26.08480749219563,25.198491155046828,64.60535900104058,1
92.9158971991382,94.01161895967991,52.281548168667285,1
67.05471074380165,67.91892561983471,52.24504132231405,1
35.07585851003941,36.08416213173203,79.71087446049916,1
70.99852071005917,70.99852071005917,70.99852071005917,1
43.0249433106576,42.06235827664399,57.64569160997733,1
249.0,249.0,249.0,1
72.99074074074075,73.94283950617285,58.370123456790125,1
46.00826446280992,46.915805785123965,42.19318181818182,1
67.9995134083045,67.9995134083045,67.9995134083045,1
107.6387245233399,106.93392504930966,86.94181459566074,1
91.96093076702097,91.94886526860098,56.530881930479744,1
53.000342935528124,53.958933470507546,49.083161865569274,1
54.07319444444445,54.99944444444444,74.70125,1
250.0,249.0,244.0,1
91.11669421487603,92.04603305785123,76.57132231404958,1
250.0,250.0,248.0,1
47.92474489795919,48.63647959183673,44.50637755102041,1
40.056772373018006,40.03701961838215,73.86509002956194,1
54.35756026296567,54.3299853907962,78.38805697589481,1
64.015625,64.767578125,70.107421875,1
65.99210640138408,67.09796712802768,49.01973399653979,1
31.089319470699433,31.917506826296997,62.72805082965763,1
81.89170927684441,82.03652300949598,54.42129291453616,1
250.0,250.0,250.0,1
36.884661117717,36.862366230677765,74.16825208085612,1
59.000369822485204,59.999815088757394,64.92464866863905,1
92.9315886134068,92.77800734618917,59.88337924701561,1
78.00035909221488,78.99834817581154,72.97823901177823,1
73.01499118165785,73.01473922902494,75.011967750063,1
77.99314128943759,78.83676268861454,64.88545953360769,1
36.5390625,37.091796875,79.5361328125,1
30.990645087235997,30.949609733700644,78.79533976124885,1
25.96378661650094,25.098830959419512,64.78836334318731,1
250.0,250.0,250.0,1
75.98981306448225,76.89944339424491,63.12544633480361,1
33.880624426078974,33.27800734618916,72.10858585858585,1
62.99995177469136,62.00096450617284,67.9696662808642,1
45.08594952293013,45.096875961834414,68.7823945829486,1
86.79108838568298,87.88422205989774,57.71439006574142,1
250.0,250.0,250.0,1
63.0,63.000918273645546,61.01836547291093,1
55.00255102040816,54.02216198979592,69.79767219387755,1
45.119649227110585,44.9519916765755,70.794887039239,1
85.49852071005917,85.66420118343196,61.31804733727811,1
34.11079714455681,34.99182034503272,55.49196906603213,1
44.97222222222222,45.896267361111114,50.919704861111114,1
78.16218967812671,78.16187641945336,80.109562221004,1
250.0,250.0,250.0,1
251.0,249.0,252.0,1
54.961218836565095,55.6786703601108,42.601108033241,1
80.97978596908442,81.85731272294888,68.26337693222354,1
99.52030223854247,99.61012640350258,76.0844573123367,1
250.0,250.0,252.0,1
250.0,250.0,250.0,1
86.02023319615913,86.9619341563786,71.4156378600823,1
111.369406867846,111.06555671175859,104.90426638917793,1
102.99424720578567,102.14907955292571,82.23241288625904,1
65.00010501995379,64.05734089477001,68.90999789960092,1
47.98612244897959,47.986938775510204,45.99755102040816,1
250.0,250.0,252.0,1
250.0,250.0,250.0,1
89.87343842950625,89.0520523497918,58.5495240928019,1
38.991629464285715,38.933274872448976,50.69818239795919,1
91.91333153055706,92.09667387777176,64.41360194699838,1
41.04710144927536,40.060123923545476,70.81511237135055,1
53.005102040816325,52.27168367346939,56.464285714285715,1
252.25,252.25,252.25,1
250.0,250.0,250.0,1
248.0,248.0,248.0,1
251.5,251.5,251.5,1
64.00694444444444,64.00694444444444,64.00694444444444,1
27.0053125,27.1859375,60.44890625,1
46.97392290249433,46.96938775510204,48.883219954648524,1
78.88585017835909,77.82164090368609,58.69351961950059,1
249.0,249.0,247.0,1
77.97363945578232,77.94713718820861,52.16765873015873,1
250.0,250.0,250.0,1
78.97732426303855,78.83616780045351,71.40816326530613,1
134.47555555555556,134.5688888888889,115.29333333333334,1
54.016259105098854,53.04019250780437,68.75507284079085,1
247.0,247.0,247.0,1
33.257422222222225,32.86826666666666,59.76195555555555,1
28.124461361677678,28.942042516518242,49.80106291295605,1
69.99978373702422,69.99978373702422,68.00670415224913,1
95.00813711911357,94.9672783933518,85.3123268698061,1
54.62901744719927,55.54178145087236,82.4435261707989,1
249.0,249.0,247.0,1
24.969478737997257,25.102023319615913,60.73542524005487,1
68.99928571428572,69.98214285714286,54.119897959183675,1
88.8428,88.0474,67.1924,1
252.25,252.25,252.25,1
73.94893845740393,72.93093254501478,53.36549314700349,1
32.15798972650285,32.077143782683144,82.74806793465686,1
250.0,250.0,250.0,1
106.8734056122449,108.0108418367347,67.51211734693878,1
45.091065785693765,45.97270899166906,66.77966101694915,1
75.06085205078125,75.0245361328125,63.18359375,1
64.99762110726644,65.8880839100346,52.003784602076124,1
111.824,111.8068,66.1136,1
249.0,249.0,249.0,1
250.0,249.0,254.0,1
64.996875,66.09328125,48.11875,1
250.0,250.0,252.0,1
250.0,250.0,250.0,1
56.000065036420395,56.96396982310094,52.072255463059314,1
97.76961950059453,96.929548156956,51.63822829964328,1
25.380625,24.174375,54.191875,1
93.03282828282828,92.0615243342516,61.30853994490358,1
250.0,250.0,250.0,1
97.87946943483276,96.98298731257209,51.3562091503268,1
60.01839866863905,61.01775147928994,54.992511094674555,1
89.5595703125,90.07421875,64.857421875,1
67.953213610586,67.80765595463139,60.284026465028354,1
86.8963331824355,86.8650973291082,53.6195110909914,1
90.72991689750693,91.18698060941828,63.7797783933518,1
248.0,248.0,246.0,1
58.96216425619835,59.06572830578512,94.63507231404958,1
100.99428571428571,100.95448979591836,91.2265306122449,1
78.00109375,77.98109375,79.96859375,1
251.25,252.75,252.75,1
92.86689470553242,92.01680547293277,71.15318262938727,1
79.92447916666667,80.89539930555556,65.70095486111111,1
82.77314814814815,83.03993055555556,57.22800925925926,1
26.982421875,26.224609375,67.0283203125,1
39.16975308641975,40.112825788751714,57.519890260631,1
249.0,249.0,249.0,1
93.02957128099173,92.9400826446281,57.39243285123967,1
90.84856879039704,91.9923053247153,74.85441674361341,1
250.0,250.0,248.0,1
44.89453125,44.328125,57.775390625,1
77.99908949011446,77.9843262226847,68.12519510926118,1
248.0,248.0,248.0,1
250.0,250.0,248.0,1
37.857988165680474,38.8960798816568,69.62832840236686,1
250.0,250.0,248.0,1
250.0,249.0,255.0,1
248.0,248.0,248.0,1
104.57511975613296,103.80839018725504,73.55000725794746,1
75.99895941727367,75.99895941727367,74.0197710718002,1
250.0,250.0,248.0,1
102.05457777777778,103.03342222222223,64.30222222222223,1
100.04996712689021,100.21104536489152,75.59204470742932,1
35.53003570678429,35.56364209199748,68.09976895610166,1
250.0,250.0,250.0,1
76.89317019722425,76.97260774287801,53.12344777209642,1
65.98363980530016,65.92779881016766,58.10735532720389,1
24.15,25.00204081632653,44.743469387755106,1
95.8463326446281,95.86363636363636,43.150826446280995,1
34.061087990487515,34.07104637336504,57.881985731272295,1
45.049166666666665,45.05354166666667,70.67548611111111,1
101.9146803296948,101.97220984629094,48.73880597014925,1
81.13022474270112,82.04011762234825,77.31001890359168,1
101.14693877551021,102.23591836734694,85.44081632653061,1
43.1044219202495,43.942693250167075,64.92409222543996,1
47.953125,46.9575,52.988125,1
95.69170390049511,95.57807028136699,58.850259630479414,1
93.83196807393405,93.87838689350977,82.28292375551355,1
67.0,66.98216409036861,78.5665873959572,1
251.0,252.75,247.75,1
69.99102079395085,69.9712770426381,60.137103549674435,1
90.84096313912009,90.03700951248514,42.528686087990486,1
67.98116109188774,68.97875816993464,63.062572087658594,1
86.95061728395062,86.98274124464601,61.171894683799444,1
97.79195011337869,97.94160997732426,71.27380952380952,1
94.77277777777778,94.0175,73.45166666666667,1
250.0,250.0,250.0,1
250.0,250.0,252.0,1
250.0,250.0,252.0,1
50.29709141274238,50.92659279778393,71.53116343490305,1
43.68877551020408,43.390306122448976,65.23214285714286,1
81.8210197710718,81.87486992715921,58.37226847034339,1
42.60573282855598,41.97512168739859,67.92320173066523,1
250.0,250.0,250.0,1
250.0,250.0,250.0,1
91.99969516841945,92.05563176345069,55.45709495503734,1
67.00475907198097,67.02572873289708,76.82659131469363,1
252.25,252.25,252.25,1
76.01134215500946,76.84499054820417,72.34782608695652,1
63.014177693761816,61.962783553875234,79.66741493383743,1
98.98086734693878,99.07142857142857,61.838647959183675,1
250.0,250.0,250.0,1
250.0,250.0,250.0,1
249.0,249.0,251.0,1
52.02418704649288,52.02109647944101,61.753426498253155,1
249.0,248.0,253.0,1
49.99,49.974380165289254,61.71,1
252.25,252.25,253.5,1
87.92358517667337,87.99016087331226,62.17674518816432,1
81.014716066482,80.8692867036011,57.28514542936288,1
100.23501746842247,99.15204246170384,69.42824509540446,1
60.0,59.07304601899197,63.85390796201607,1
250.0,250.0,250.0,1
83.97518296115594,82.986817414149,63.281291048977295,1
38.07135485081629,37.970773128166634,73.77021955338712,1
35.00634765625,34.12921142578125,72.35748291015625,1
252.5,252.5,252.5,1
250.0,250.0,252.0,1
102.1053162005543,101.7787855883094,67.89871504157219,1
250.0,250.0,250.0,1
250.0,250.0,252.0,1
30.131771227009324,30.98028470647518,76.7588813303099,1
250.0,250.0,250.0,1
249.0,248.0,253.0,1
62.98878776505911,62.99615312441359,72.9035466316382,1
43.26134886087399,44.27587766408502,87.05738029283735,1
251.0,250.0,248.0,1
250.0,250.0,250.0,1
250.0,250.0,252.0,1
248.0,248.0,248.0,1
42.997590702947846,43.93310657596372,64.60119047619048,1
62.01498724489796,63.01307397959184,56.99298469387755,1
252.25,252.25,250.25,1
249.0,249.0,247.0,1
250.0,250.0,250.0,1
251.0,250.0,248.0,1
80.0017146776406,80.92249657064473,76.17181069958848,1
86.93525519848771,86.98692501575299,61.11352657004831,1
40.063912009512485,40.12931034482759,63.690026753864444,1
32.20154577883472,32.0,59.152497027348396,1
64.00077160493827,63.16975308641975,67.74228395061728,1
250.0,250.0,250.0,1
73.37741046831955,74.29201101928375,59.99265381083563,1
75.0025530771298,74.03292125772641,88.04743348562215,1
58.01,57.97074074074074,60.07888888888889,1
107.60165289256199,108.30380165289256,93.30909090909091,1
103.7421301775148,103.79349112426036,66.98011834319527,1
250.0,250.0,248.0,1
250.0,250.0,248.0,1
249.0,249.0,249.0,1
74.927734375,76.04296875,58.9228515625,1
81.99755817293881,82.96602987647228,69.04481470841712,1
250.0,250.0,250.0,1
83.00591715976331,84.08764792899409,66.17899408284023,1
250.0,249.0,254.0,1
249.0,249.0,249.0,1
37.00052061640983,36.04050395668472,49.95605997501041,1
29.256666666666668,29.45777777777778,61.2,1
72.98060941828255,73.82686980609418,69.23407202216066,1
81.897,81.0944,50.3967,1
33.094391688986285,33.02378053729405,60.098206314422534,1
66.11461937716263,66.12283737024221,89.780276816609,1
250.0,250.0,250.0,1
250.0,250.0,250.0,1
86.94994464192064,87.89085717615524,82.0910786084727,1
250.0,250.0,248.0,1
249.0,249.0,249.0,1
250.0,250.0,250.0,1
252.0,252.0,252.5,1
248.0,248.0,248.0,1
250.0,250.0,252.0,1
250.0,249.0,255.0,1
249.0,249.0,249.0,1
43.06377551020408,42.182397959183675,80.36607142857143,1
97.08228299643282,97.25617122473246,69.7249940546968,1
30.965386695511086,30.008788534342887,71.62858301784749,1
88.80725623582767,88.97902494331066,53.80102040816327,1
30.096844444444443,31.107688888888887,75.13946666666666,1
31.00281141868512,31.05747188581315,54.85353589965398,1
248.0,248.0,246.0,1
100.126041386724,100.11643375436711,77.11535877452297,1
70.015625,69.96310763888889,60.35590277777778,1
250.0,251.0,246.0,1
45.96528429348846,45.713454681929065,72.18183524113343,1
45.390796046338615,46.4146030396429,75.1011797215432,1
250.0,249.0,254.0,1
93.89875082182775,94.82100591715977,55.82774490466798,1
250.0,250.0,250.0,1
252.25,252.25,252.25,1
31.05126953125,30.0511474609375,60.710693359375,1
250.0,250.0,250.0,1
25.073214285714286,25.99923469387755,56.650255102040816,1
250.0,250.0,250.0,1
250.0,249.0,254.0,1
69.995434623813,69.95845507669831,81.79583637691746,1
99.68934911242603,99.01146449704142,79.60502958579882,1
85.94302606826122,85.03527277613544,54.15311744154797,1
86.05046076099882,86.89952437574317,72.95489001189061,1
103.05359001040583,102.31841831425598,57.829864724245574,1
72.98341836734694,73.14668367346938,80.58928571428571,1
95.99965564738292,97.04413452708907,79.21217860422406,1
249.0,250.0,254.0,1
252.25,252.25,252.25,1
49.999702734839474,49.999702734839474,48.023483947681335,1
47.028124303853865,48.124136778792604,65.6663510804188,1
68.00013520822066,68.0006760411033,66.00770686857761,1
92.41373333333334,93.27755555555555,63.41697777777778,1
66.9816,66.084,70.7768,1
30.150988520408163,30.113679846938776,79.02423469387755,1
250.0,250.0,248.0,1
84.95903190914008,84.91130340724716,51.166846944294214,1
252.25,252.5,249.75,1
24.999591836734695,25.101224489795918,60.44571428571429,1
99.95087219651121,100.93040227839089,85.25293698825205,1
98.82098765432099,98.83196159122085,64.24965706447188,1
80.03329369797859,80.96076099881094,76.17835909631391,1
65.99154526534859,65.94536940686784,58.08565296566077,1
31.047163261257687,31.014679627058122,56.74821463995239,1
70.50283446712018,70.29875283446712,81.57539682539682,1
30.1224,30.9448,60.9704,1
72.99241221979766,73.01909343384249,61.13831581035509,1
98.80555555555556,98.8359375,64.27647569444444,1
70.31621389384625,69.43043162138939,84.404388921938,1
249.0,248.0,253.0,1
46.008651859504134,45.021823347107436,60.677169421487605,1
114.5368,114.678,67.4076,1
252.0,252.0,252.0,1
250.0,249.0,254.0,1
50.99325530648681,51.992511406466974,45.93235469152946,1
61.98875468554769,61.9484589754269,73.70845481049562,1
81.0044,81.045,69.3204,1
56.0693870523416,56.12815656565657,79.74207988980716,1
40.015306122448976,41.07244897959184,70.60530612244898,1
247.0,247.0,245.0,1
250.0,249.0,254.0,1
99.9292899408284,99.91248520710059,74.33591715976331,1
37.19753086419753,37.45233196159122,69.63134430727024,1
67.85344827586206,68.00743162901308,42.12202734839477,1
250.0,250.0,248.0,1
250.0,250.0,248.0,1
71.46241160308094,72.46015945227693,77.3325075447052,1
75.98363980530016,77.00851811790157,59.13994050838291,1
78.9975,78.90875,71.1925,1
250.0,250.0,250.0,1
27.236225895316803,27.9742883379247,47.71510560146924,1
58.00131356727341,57.029039219365735,72.72884218427473,1
56.008402777777775,55.08138888888889,68.76493055555555,1
247.0,247.0,245.0,1
75.14682539682539,76.03174603174604,62.45493197278912,1
52.000295857988164,51.03059171597633,64.96745562130178,1
42.084953382265425,42.99692521325134,62.79532830787542,1
89.95202528009193,90.8478885377765,51.520683711577135,1
42.04995674740484,42.1038062283737,65.66068339100346,1
247.0,247.0,247.0,1
72.99666666666667,73.74777777777778,69.50333333333333,1
25.104397506925206,24.913261772853186,62.44304016620499,1
47.13392857142857,48.089285714285715,65.7171556122449,1
84.54765837284884,85.45916138313176,69.8591294155256,1
249.0,249.0,251.0,1
79.55867346938776,80.06632653061224,67.58673469387755,1
248.0,249.0,244.0,1
250.0,250.0,250.0,1
64.8703125,64.0503125,43.365,1
46.02182249817385,47.003743608473336,66.89581811541271,1
249.0,249.0,249.0,1
250.0,250.0,250.0,1
34.061875,33.78125,45.18875,1
46.827777777777776,47.056666666666665,57.78666666666667,1
250.0,249.0,247.0,1
249.0,249.0,247.0,1
249.0,249.0,249.0,1
251.0,250.0,248.0,1
250.0,249.0,254.0,1
84.09183673469387,83.92265054169816,48.285021415973794,1
28.263673469387754,29.025714285714287,74.44816326530612,1
250.0,250.0,250.0,1
55.895254629629626,56.98128858024691,62.00848765432099,1
82.8955078125,83.6591796875,69.962890625,1
100.19834710743801,100.1747159090909,75.49832128099173,1
248.0,248.0,246.0,1
250.0,250.0,252.0,1
47.1207075962539,46.971644120707595,74.50182101977107,1
65.55402909778839,64.6079005450205,80.18197378496464,1
249.0,251.0,250.0,1
33.61736101030628,33.40746116998113,58.64595732326898,1
249.0,248.0,253.0,1
83.11555555555556,82.76666666666667,40.08222222222222,1
44.07490535424554,44.17455381287182,77.32815035154137,1
249.0,249.0,251.0,1
250.0,249.0,255.0,1
251.25,251.25,250.25,1
93.96647490577267,93.04061694108312,62.139754017060106,1
249.0,249.0,251.0,1
76.995,77.805,73.375,1
76.11454046639231,77.01131687242798,59.10836762688614,1
250.0,250.0,250.0,1
248.0,248.0,248.0,1
43.083333333333336,44.041666666666664,61.66840277777778,1
48.08308641975309,49.02814814814815,68.77888888888889,1
184.87444526627218,183.82063609467457,140.72041420118344,2
177.92446145124717,177.90079365079364,108.6655328798186,2
251.0,249.0,250.0,2
249.0,249.0,251.0,2
205.8261003385657,204.96429670667897,157.7719298245614,2
187.0,189.22222222222223,206.44444444444446,2
250.0,250.0,252.0,2
116.00007181844298,116.00007181844298,117.99490089054869,2
250.0,250.0,250.0,2
177.29755053507728,178.1387395957194,103.41812128418549,2
250.0,250.0,250.0,2
110.30859375,111.3095703125,141.70703125,2
253.11111111111111,252.55555555555554,251.88888888888889,2
71.05883811767623,70.96397792795585,155.51720503441007,2
172.10206611570248,172.9801652892562,130.7807438016529,2
249.0,249.0,249.0,2
249.0,249.0,247.0,2
253.0,251.25,254.0,2
116.02773668639053,116.0989275147929,123.89663461538461,2
155.5556757406406,155.51054624121147,120.40790817859504,2
200.7104187153874,200.66295740386107,130.36369753118367,2
81.1728650137741,81.26744719926538,165.85284664830118,2
250.0,250.0,250.0,2
249.0,249.0,251.0,2
179.70710059171597,180.04437869822485,108.47633136094674,2
73.0721875,72.900625,110.2090625,2
137.0009765625,137.65625,124.8447265625,2
198.38647959183675,197.6906179138322,120.0188492063492,2
85.97549565604812,87.04633548674538,146.05480062374693,2
250.0,250.0,250.0,2
185.11111111111111,186.0,206.11111111111111,2
178.85329964328182,178.90115933412605,127.73640011890606,2
250.0,250.0,250.0,2
250.0,250.0,250.0,2
56.00313609467456,56.005798816568046,93.66491124260355,2
116.1629013079667,116.04399524375744,139.9500594530321,2
119.86434287473068,119.78701138811942,112.16512773160973,2
194.85405827263267,194.97658688865764,96.3480749219563,2
124.99861426051902,124.94223985890653,117.07873519778282,2
250.0,250.0,250.0,2
173.4125235151841,172.63504434291858,129.16151572158023,2
72.02607009480035,72.19520252800919,157.2719764435507,2
250.0,250.0,252.0,2
72.5074,72.5871,163.0658,2
249.0,249.0,249.0,2
135.8801775147929,136.8284023668639,122.2189349112426,2
86.24074074074075,87.10493827160494,166.3256172839506,2
252.25,252.25,252.25,2
248.0,247.0,255.0,2
180.81009070294783,180.98185941043084,145.80385487528343,2
111.16457100591715,112.03476331360947,131.63942307692307,2
251.0,250.0,248.0,2
50.63350135145007,51.76272919862664,128.90649426546864,2
186.98217301557514,186.94877087633702,151.43643272659037,2
203.03092447916666,203.96126302083334,141.15559895833334,2
197.96039496527777,197.82606336805554,128.62662760416666,2
250.0,249.0,255.0,2
113.12469387755102,113.9526530612245,134.84857142857143,2
249.0,250.0,252.0,2
250.0,250.0,248.0,2
247.0,248.0,243.0,2
133.93798816568048,133.96668639053254,108.30461538461539,2
249.0,249.0,247.0,2
250.0,250.0,250.0,2
249.0,250.0,245.0,2
154.518621114189,153.60418590335487,124.13604185903355,2
127.92855240023442,127.78906707869359,120.05482444456284,2
250.0,250.0,250.0,2
193.7448347107438,193.65289256198346,130.94731404958677,2
136.0929185702768,136.867710292932,157.14384574039238,2
65.10308837890625,66.11517333984375,109.6798095703125,2
119.9646600376243,120.85111529158829,107.10951357162054,2
85.73548777210428,85.76760279494759,142.94410104810535,2
191.71673469387756,191.9208163265306,122.86122448979592,2
100.29333333333334,100.128,90.56622222222222,2
250.0,251.0,246.0,2
170.61512586805554,170.61512586805554,170.61512586805554,2
123.0078125,122.06336805555556,137.8046875,2
250.0,250.0,250.0,2
249.0,249.0,251.0,2
250.0,250.0,250.0,2
99.39197530864197,98.97453703703704,124.37808641975309,2
162.95914127423822,163.7139889196676,150.10318559556788,2
147.98495906016376,147.9746351014596,138.19054823780704,2
249.0,251.0,250.0,2
250.0,250.0,250.0,2
51.092403628117914,50.080357142857146,125.21145124716553,2
249.0,249.0,249.0,2
106.9931037718146,106.9936667292175,104.99723212610246,2
108.10632401108592,108.07407407407408,143.5866717057193,2
250.0,250.0,250.0,2
165.5893961939071,166.53786514214113,125.37497063199937,2
161.97675619834712,161.97675619834712,159.9974173553719,2
250.0,250.0,252.0,2
249.0,251.0,248.0,2
90.47725497265789,90.6559101015564,123.87548825190794,2
250.0,251.0,246.0,2
244.55555555555554,245.0,233.77777777777777,2
145.9996449704142,146.96934911242604,133.0324852071006,2
155.4988888888889,156.04333333333332,103.51777777777778,2
131.16813784337265,131.26551797189464,154.31424334439657,2
194.25255102040816,193.9298469387755,149.28571428571428,2
185.11111111111111,187.77777777777777,211.66666666666666,2
191.48700605197578,190.84727661089354,140.30188679245282,2
98.21547067901234,98.07619598765432,121.72337962962963,2
130.0077685950413,129.9984297520661,120.12710743801652,2
250.0,250.0,250.0,2
147.73789044816658,147.00611136260753,100.07084653689452,2
250.0,249.0,247.0,2
84.37857142857143,85.11326530612244,127.4338775510204,2
150.0023530762167,150.9497819100092,111.23060146923784,2
184.9421308815576,184.27041644131964,141.6403461330449,2
250.0,250.0,250.0,2
75.89126275510205,76.0845025510204,85.81281887755102,2
250.0,250.0,248.0,2
110.91586648376772,111.60600518213687,156.88888888888889,2
198.54935720844813,198.83172635445362,111.71625344352617,2
250.0,250.0,250.0,2
160.39236463928,160.2498185513137,150.72114965887647,2
250.0,250.0,252.0,2
249.0,249.0,251.0,2
89.009323337178,88.0561322568243,103.82045367166475,2
110.08681655852321,109.21155877470952,122.77133946984559,2
80.22566162570888,81.12712665406427,124.63468809073724,2
208.51018560434585,208.8519692168402,115.5794477138977,2
251.25,253.0,248.0,2
59.14157990040742,58.96706654594839,122.34880036215482,2
165.39681496091754,164.5147928994083,119.82285046387611,2
150.0126958936719,149.86907359650863,115.56298353501289,2
196.82692307692307,197.00332840236686,148.16974852071007,2
250.0,250.0,248.0,2
150.23304580606782,149.3371505056514,129.29833432480666,2
250.0,250.0,250.0,2
206.98165815640957,206.89579414135986,137.40090029561946,2
247.0,246.0,244.0,2
91.07354359567901,91.95799575617283,122.68928433641975,2
251.0,250.0,245.0,2
150.91588970442373,150.93552866494744,89.2061098988296,2
251.0,249.0,250.0,2
249.0,249.0,249.0,2
49.06354574581702,49.03568885724457,120.43974724101103,2
250.0,251.0,245.0,2
250.0,250.0,250.0,2
123.97633136094674,123.88165680473372,126.11834319526628,2
89.65453686200378,90.33034026465029,130.63610586011342,2
250.0,249.0,254.0,2
252.25,252.0,254.75,2
202.89164370982553,203.00612182430365,106.20875420875421,2
250.0,251.0,246.0,2
249.0,249.0,249.0,2
96.8676268861454,96.14060356652949,111.5099451303155,2
66.08548521449396,65.98875468554769,91.88234069137859,2
165.2358517667337,165.20798621085896,128.88968687158862,2
250.0,250.0,248.0,2
251.0,249.0,250.0,2
159.7004081632653,158.74464285714285,114.27051020408163,2
69.75878853434288,69.16711736073553,140.27906976744185,2
250.0,250.0,250.0,2
250.0,250.0,248.0,2
250.0,250.0,250.0,2
205.28647805747383,205.48941857874806,125.67409222543996,2
249.0,249.0,249.0,2
148.21632653061224,148.47714285714287,155.73265306122448,2
249.0,248.0,254.0,2
166.31505102040816,165.94132653061226,121.46045918367346,2
198.18646694214877,199.10330578512398,129.7784090909091,2
250.0,250.0,250.0,2
94.91743827160494,94.66203703703704,152.40277777777777,2
59.13373345644814,59.05532471529701,121.9222837796245,2
128.9987244897959,128.03156887755102,133.7997448979592,2
203.47633136094674,203.56426692965155,145.22189349112426,2
88.00081747919144,86.98313020214032,104.91750891795482,2
168.87777274784972,167.99219103666817,111.57593933906745,2
84.02551020408163,84.2015306122449,91.40943877551021,2
250.0,250.0,252.0,2
118.16493055555556,118.08333333333333,170.92534722222223,2
176.02913631633714,175.86940686784598,168.25858480749218,2
81.12408949011446,81.18658949011446,130.4830254942768,2
249.0,249.0,247.0,2
248.0,248.0,248.0,2
250.0,250.0,250.0,2
89.55404958677686,89.59239669421487,150.18776859504132,2
186.9871350556606,187.9293215710985,122.35743541272842,2
250.0,250.0,250.0,2
77.06400966183575,76.99327872295736,104.66934467548835,2
73.12322183775471,72.04267589388697,147.3566897347174,2
148.99922839506172,148.97337962962962,139.15605709876544,2
105.84986380387758,105.71991668001922,117.29530523954494,2
250.0,250.0,248.0,2
207.8343572778828,207.75897920604916,103.41162570888469,2
250.0,250.0,250.0,2
59.07568027210884,60.137471655328795,105.13477891156462,2
167.32816326530613,166.3869387755102,137.34285714285716,2
186.73480902777777,186.81119791666666,130.5234375,2
156.3044049967127,156.64431295200527,120.00920447074293,2
174.9848372781065,174.84578402366864,141.54474852071007,2
250.0,250.0,248.0,2
251.0,249.0,250.0,2
251.0,251.0,241.0,2
107.08201666187877,106.08086756679116,147.45324619362253,2
249.0,249.0,249.0,2
189.75878099173553,189.07954545454547,142.24535123966942,2
250.0,249.0,247.0,2
250.0,250.0,252.0,2
115.162,115.016,151.3196,2
104.98614958448753,104.3095567867036,143.36772853185596,2
162.70741357767596,161.70980841316117,120.04133694294045,2
151.11256487889273,152.0260596885813,138.4263624567474,2
147.0,147.99896694214877,142.11531508264463,2
161.00019223375625,161.9991349480969,156.0364282968089,2
204.18343195266272,204.92011834319527,180.69230769230768,2
122.00173010380622,122.0121107266436,120.07785467128028,2
250.0,250.0,248.0,2
250.0,250.0,252.0,2
71.57330279050396,70.73167430237402,144.32205331112036,2
81.91115311909263,82.2703213610586,115.53686200378071,2
251.0,249.0,254.0,2
160.34230083234246,160.3291468489893,150.8243162901308,2
250.0,250.0,252.0,2
93.27312250918689,93.29372185704673,130.47787381605508,2
147.99050401753104,148.92476260043827,143.22059897735573,2
122.99351000540833,123.06016765819362,130.8708761492699,2
249.0,249.0,249.0,2
250.0,250.0,250.0,2
141.3476331360947,141.62869822485206,93.25,2
208.2728894173603,207.53210463733652,103.84958382877527,2
75.78281683043588,75.01536911060721,148.3418997228521,2
113.00014172335601,113.00014172335601,113.00014172335601,2
81.18224981738496,81.22260774287801,140.30496712929144,2
103.24121146565712,102.32828555976204,119.33153055705787,2
88.64225260416667,89.68109809027777,140.6982421875,2
188.8625637755102,188.9266581632653,155.4987244897959,2
120.52287581699346,120.22991157247212,112.90196078431373,2
130.0,130.95833333333334,126.08333333333333,2
117.01252523161327,117.01314631747839,115.04668495419492,2
178.9098750743605,178.8545508625818,171.16180844735277,2
57.13269054178145,56.11363636363637,131.0018365472911,2
152.10053539559786,151.27126710291492,131.4092801903629,2
119.75847709696609,119.7764723378941,131.0083283759667,2
205.4376220703125,205.379150390625,113.090087890625,2
250.0,250.0,248.0,2
250.0,249.0,255.0,2
250.0,250.0,250.0,2
52.592537804076265,52.67357001972387,123.08612754766601,2
191.85544217687075,191.68820861678006,123.38378684807256,2
57.08720930232558,58.14683612763656,139.21376419686317,2
113.0,113.00086505190312,122.85467128027682,2
252.0,252.0,250.5,2
250.0,250.0,250.0,2
250.0,251.0,246.0,2
175.09493803822727,174.39802562486872,119.74921235034657,2
144.82752376641014,143.97510185604347,157.43617021276594,2
163.3936,163.449216,91.255104,2
249.0,249.0,249.0,2
96.29098765432099,95.40567901234567,134.38358024691357,2
109.0000469131169,108.02706886845561,121.97100769375118,2
141.99488888888888,142.13013333333333,149.79253333333332,2
92.36332179930795,92.15700692041523,142.70523356401384,2
250.0,249.0,254.0,2
183.96291319537758,184.8394248857834,154.57027680730985,2
249.0,249.0,249.0,2
251.0,249.0,254.0,2
249.0,249.0,247.0,2
155.62655749377004,155.7750088999644,131.250622997508,2
250.0,249.0,254.0,2
77.6448974609375,77.63623046875,138.2762451171875,2
249.0,249.0,249.0,2
250.0,250.0,250.0,2
165.88082990397805,165.9619341563786,114.41778120713306,2
133.9954648526077,134.96938775510205,129.23299319727892,2
250.0,250.0,248.0,2
247.0,247.0,255.0,2
249.0,249.0,249.0,2
250.0,250.0,250.0,2
82.20927467300832,83.04072532699168,128.22413793103448,2
199.619140625,200.1083984375,137.93359375,2
94.0304081632653,94.97683673469388,151.72989795918366,2
184.97991822369443,184.1312561461622,129.6250194089333,2
84.57522832879346,84.35747476365967,135.93686909149176,2
62.131600091827366,61.947371441689626,115.66592056932966,2
137.71045918367346,137.2015306122449,116.42474489795919,2
251.0,249.0,250.0,2
108.58564013840831,108.07698961937716,142.62629757785467,2
57.03733459357278,56.2296786389414,130.7476370510397,2
184.87664649341403,183.99279102883588,136.42007831968672,2
249.0,250.0,245.0,2
250.0,250.0,248.0,2
56.950102040816326,58.041224489795916,87.79040816326531,2
180.99638004009802,181.92320115838717,106.46664067721096,2
201.92845993756504,202.52341311134236,128.93938605619147,2
121.95254629629629,121.91878858024691,114.17033179012346,2
61.6457756232687,62.02648891966759,162.63209833795014,2
252.25,252.0,254.75,2
253.28,253.08,253.28,2
87.00347098611606,87.99750800996796,92.93547525809896,2
89.97795918367346,89.02897959183673,104.55510204081632,2
158.7555096418733,159.73186409550047,104.40610651974288,2
120.37293005671077,120.42926275992438,128.17119092627598,2
249.25,253.0,252.25,2
249.0,249.0,249.0,2
249.0,251.0,248.0,2
250.0,250.0,252.0,2
90.99444444444444,91.96861111111112,76.19555555555556,2
102.11123456790123,102.03296296296297,127.48975308641975,2
250.0,250.0,252.0,2
155.0924,155.8908,140.4136,2
158.7630612244898,158.71316326530612,89.39551020408163,2
250.0,251.0,246.0,2
250.0,251.0,246.0,2
250.0,248.0,255.0,2
72.10059400826447,72.0392561983471,133.4971590909091,2
201.8809184763261,202.07653969384123,140.96084015663936,2
152.98415977961432,152.9442722681359,129.15266299357208,2
251.44444444444446,252.44444444444446,250.33333333333334,2
124.36255983875031,125.12723607961703,109.75560594608214,2
250.0,250.0,248.0,2
163.36214876033057,162.48776859504133,107.50280991735538,2
195.07560453014997,195.26344250586675,123.53178247117641,2
250.0,250.0,248.0,2
250.0,251.0,246.0,2
188.11979316288424,189.17581154840562,134.52370008618215,2
248.0,248.0,246.0,2
67.28466879339463,66.33008069056108,129.8872208669544,2
136.00874291115312,135.94825141776937,128.14732986767487,2
187.01632653061225,187.85142857142858,148.76244897959182,2
202.69667013527575,201.96774193548387,155.5153485952133,2
139.0,138.99956597222223,129.08333333333334,2
250.0,250.0,248.0,2
128.65433673469389,129.10076530612244,101.72066326530613,2
53.28546712802768,53.0242214532872,125.18771626297578,2
94.24648883023848,94.14157790555188,119.4919408049769,2
168.99653739612188,168.10872576177286,172.7527700831025,2
145.0,145.0,145.0,2
134.99676405325442,135.99371301775147,118.30131286982248,2
203.63671561107458,202.6866827379648,125.05347359193513,2
52.23130193905817,52.38157894736842,120.49030470914127,2
120.16414141414141,120.98048668503213,141.49265381083563,2
251.88888888888889,253.33333333333334,250.77777777777777,2
163.86656574394465,163.94917820069205,110.74545847750865,2
115.02423822714681,114.16481994459834,153.29293628808864,2
250.0,250.0,252.0,2
250.0,250.0,250.0,2
130.0,129.02758487654322,144.91666666666666,2
249.0,250.0,245.0,2
248.0,249.0,244.0,2
82.7577479338843,83.6694214876033,133.57438016528926,2
250.0,250.0,252.0,2
68.55642361111111,67.79947916666667,125.41145833333333,2
148.5097841181669,149.3253377098851,135.5918444640828,2
145.2558286074354,146.2140306658265,140.45326612056292,2
249.0,251.0,248.0,2
249.0,249.0,249.0,2
134.99589086127548,135.10568704799473,123.2560815253123,2
250.0,250.0,250.0,2
57.789493575207864,58.62207105064248,139.9633408919123,2
151.94130095789708,152.05558030741813,124.2689908665627,2
107.3832,106.694,119.4756,2
250.0,249.0,255.0,2
250.0,250.0,248.0,2
250.0,250.0,250.0,2
66.63374413402921,66.75158984255077,135.04569975001095,2
100.99978373702422,100.98540224913495,91.11467344290658,2
140.9975,141.058125,129.380625,2
67.0741288625904,66.13938198553583,131.41913214990137,2
93.88677500330294,94.73114017703791,138.84013740256307,2
146.07937042336505,145.99814830401482,134.49044693207642,2
64.09775510204082,65.08408163265307,120.32020408163265,2
79.37522927766616,78.39278539610446,118.98026028474102,2
65.22881665449233,65.9035792549306,113.16216216216216,2
188.915,188.4325,156.48,2
90.06168252080856,91.03448275862068,121.55677764565993,2
145.60954732510288,145.61119341563787,110.31281207133058,2
79.10128495842781,79.99414210128496,127.55165028974552,2
201.65294356110084,201.59929732894915,133.2064321426963,2
250.0,251.0,246.0,2
250.0,250.0,250.0,2
60.245817016731934,61.1124955500178,104.48282306870773,2
249.0,249.0,249.0,2
66.76690841625907,67.63096643616124,106.92949907235622,2
118.82463598682114,118.85630779041344,153.76448081623977,2
115.30590257122084,115.27629056778373,117.3308876991209,2
191.99363819601916,192.93701184177374,115.45168808264046,2
127.40589569160997,127.12854308390023,153.46471088435374,2
250.0,250.0,252.0,2
248.0,248.0,248.0,2
252.25,252.25,251.75,2
250.0,250.0,250.0,2
105.00130072840791,104.00494276795006,109.95837669094693,2
62.7906008328376,63.69675788221297,106.35306365258775,2
249.0,249.0,247.0,2
249.0,249.0,249.0,2
122.94745730906361,122.03504409832989,137.87431975980485,2
250.0,251.0,246.0,2
162.91840277777777,163.90430555555557,98.47194444444445,2
249.0,251.0,250.0,2
249.0,249.0,251.0,2
249.0,248.0,254.0,2
192.33333333333334,194.0,218.88888888888889,2
185.11111111111111,187.33333333333334,203.77777777777777,2
249.0,249.0,249.0,2
94.01215277777777,94.06770833333333,159.33333333333334,2
245.11111111111111,247.0,232.88888888888889,2
252.0,252.0,251.0,2
250.0,250.0,250.0,2
125.21760861207228,125.21760861207228,125.21760861207228,2
206.03130917813408,207.01047847494004,166.4763287463704,2
148.86444708680142,149.9249405469679,119.2507431629013,2
164.46275098517546,165.2814787014449,135.78044661287296,2
157.4472268101657,156.54835100431563,170.0677180457137,2
250.0,250.0,252.0,2
167.5153396639883,167.68813915266617,139.93001278305331,2
112.04414201183432,112.06065088757397,135.85171597633135,2
158.6476033057851,159.13884297520661,121.75438016528926,2
248.0,248.0,248.0,2
135.3641975308642,135.65586419753086,142.88503086419752,2
151.79663923182443,151.13888888888889,132.80521262002745,2
186.00390266299357,185.99598255280074,112.62752525252525,2
177.9375,176.966796875,157.5458984375,2
87.96797839506173,87.97858796296296,99.66493055555556,2
167.72384982638889,166.81759982638889,86.64680989583333,2
88.03423611111111,88.07006944444444,113.65770833333333,2
250.0,250.0,250.0,2
249.0,249.0,249.0,2
250.0,251.0,246.0,2
248.0,249.0,254.0,2
249.0,249.0,249.0,2
250.0,250.0,250.0,2
250.5,252.0,249.25,2
53.106185121107266,54.126081314878896,109.25562283737024,2
159.36,159.91604938271604,122.84938271604938,2
58.9897,58.0632,135.2868,2
167.33421487603306,167.1813223140496,134.52495867768596,2
136.98611111111111,137.87673611111111,133.16232638888889,2
250.0,250.0,248.0,2
243.55555555555554,245.55555555555554,231.33333333333334,2
163.89209274673007,163.8703923900119,140.36831153388823,2
250.0,250.0,252.0,2
197.54065743944636,197.3044982698962,131.96107266435988,2
250.0,251.0,245.0,2
250.0,250.0,250.0,2
145.6486111111111,146.45666666666668,133.54444444444445,2
174.07853223593963,174.1141975308642,136.82373113854595,2
131.9799123447772,131.88239590942294,124.14645726807889,2
195.58738425925927,195.56915509259258,135.64453125,2
250.0,250.0,250.0,2
159.93130165289256,160.8465909090909,121.47572314049587,2
123.98921028466484,123.9297520661157,135.55853994490357,2
195.81305555555556,196.77444444444444,130.9088888888889,2
74.05546666666666,74.87662222222222,129.2375111111111,2
250.0,250.0,250.0,2
122.02537722908093,122.07887517146776,131.68689986282578,2
57.2734,57.2671,113.9502,2
250.0,250.0,250.0,2
172.7812,173.8076,108.8344,2
170.0095918367347,170.89857142857142,129.47510204081632,2
136.3265306122449,137.0,132.98979591836735,2
249.0,249.0,249.0,2
250.0,250.0,250.0,2
250.0,251.0,246.0,2
165.86530612244897,165.06857142857143,124.21469387755101,2
82.18252080856124,83.09096313912009,138.09898929845423,2
182.77423469387756,182.9234693877551,131.81696428571428,2
79.98327566320646,79.15417147251057,152.85813148788927,2
61.414201183431956,61.13609467455621,121.01775147928994,2
178.93692307692308,178.91656804733728,125.8684023668639,2
249.0,249.0,249.0,2
180.834386670497,180.82447572536628,131.61397586900316,2
251.0,249.0,252.0,2
252.25,252.25,252.25,2
70.20927467300832,70.185790725327,119.37217598097503,2
96.0826474622771,96.0,121.87405692729767,2
250.0,250.0,252.0,2
249.0,248.0,244.0,2
249.0,249.0,249.0,2
250.0,250.0,250.0,2
250.0,250.0,248.0,2
71.10165680473372,72.01213017751479,127.59727810650888,2
185.85574166289422,186.9050349580001,120.37090689603139,2
131.98668639053255,131.98668639053255,131.98668639053255,2
114.38563327032136,114.47258979206049,170.56049149338375,2
149.76528040327662,148.7489498004621,129.0683154799412,2
207.556884765625,207.702880859375,111.244140625,2
207.55034722222223,206.890625,162.56423611111111,2
190.02487603305786,190.03553719008264,116.53917355371901,2
192.85373520710058,192.8496671597633,133.49815088757396,2
250.0,248.0,251.0,2
117.07006920415225,117.51470588235294,135.28546712802768,2
142.00544378698226,143.02834319526627,125.25384615384615,2
250.0,251.0,246.0,2
250.0,250.0,252.0,2
138.92219387755102,138.0812074829932,117.05031179138322,2
70.74872448979592,70.96811224489795,115.54719387755102,2
250.0,250.0,250.0,2
249.0,249.0,249.0,2
197.86244897959185,197.8726530612245,109.12795918367347,2
248.0,250.0,249.0,2
139.0,138.01519247404843,142.99767517301038,2
250.0,250.0,250.0,2
249.0,248.0,253.0,2
110.4540765721087,111.30232096806189,163.68458639158897,2
185.54320790816325,185.51698022959184,175.8845663265306,3
219.57406405865032,219.54822426536867,209.77447268793944,3
208.53538461538463,208.28402366863907,200.79029585798816,3
219.44972586892007,218.52577838136915,197.94733665308587,3
162.47710718002082,162.01092611862643,188.00468262226846,3
186.42620392390012,187.27080856123663,173.82149227110583,3
251.0,249.0,250.0,3
250.0,250.0,248.0,3
229.2958579881657,228.5976331360947,177.198224852071,3
230.079969242599,229.66551326412917,197.8016147635525,3
182.6377685950413,182.66487603305785,193.93892561983472,3
250.0,250.0,252.0,3
205.58626284478098,206.47593293672256,192.7742022714981,3
191.0180165289256,192.08214876033057,174.3995041322314,3
213.0586011342155,213.0464188195757,190.1865154379332,3
199.9795918367347,201.1984126984127,183.36167800453515,3
226.98086734693877,227.81186224489795,188.27487244897958,3
167.2454648526077,168.17290249433105,196.91213151927437,3
250.0,250.0,250.0,3
173.00728879706153,173.00728879706153,171.0091253443526,3
176.90178571428572,177.4502551020408,213.46811224489795,3
224.9697265625,225.8388671875,210.8671875,3
207.96023613276898,207.91033637781243,184.31744263755849,3
164.46599293198585,165.51075702151405,182.91059582119163,3
191.87795918367348,191.04591836734693,170.15081632653062,3
206.99954474505722,206.99954474505722,206.99954474505722,3
225.00106799572802,225.07796368814525,200.5069419722321,3
230.86711295783317,231.90566328100954,201.47560787934748,3
249.0,249.0,247.0,3
250.0,250.0,252.0,3
243.88888888888889,243.88888888888889,243.88888888888889,3
250.0,250.0,250.0,3
211.4767901234568,211.4427160493827,185.96,3
193.79456790123456,193.76296296296297,195.77925925925925,3
208.9765625,208.927734375,199.6044921875,3
202.0,202.0,202.0,3
192.9970138888889,191.95104166666667,172.14777777777778,3
250.0,250.0,250.0,3
223.97640625,223.8859375,188.8603125,3
250.0,250.0,250.0,3
250.0,250.0,250.0,3
204.11588954277954,203.0246717971933,172.24105930285197,3
250.0,250.0,250.0,3
214.99648458626285,214.77852893455923,181.6211465657112,3
228.555,228.05,182.0525,3
159.86695511087075,159.8637101135749,206.58085451595457,3
210.76846880907374,210.73489603024575,200.90918714555767,3
251.0,249.0,252.0,3
158.1426592797784,157.94736842105263,185.73078254847644,3
207.14681382757183,206.89119117034568,171.42576009995835,3
205.99494348602022,206.9509220701963,191.2007733491969,3
226.92070131719473,226.96867212531149,201.1824492702029,3
250.0,250.0,248.0,3
192.0,191.126875,195.82875,3
250.0,250.0,252.0,3
204.973125,205.765625,175.784375,3
220.96118289151258,221.08097571842282,193.90727333481846,3
158.18489892984542,158.96938168846611,179.66111771700358,3
177.39671859634595,177.4829977744423,186.96661663474976,3
226.4464008928018,226.3232686465373,193.21235042470084,3
226.29693383539538,225.38872316494695,178.5278986747518,3
164.00466579861111,164.97688802083334,194.08767361111111,3
172.06404320987653,171.23765432098764,184.33179012345678,3
250.0,250.0,250.0,3
167.33901646331717,168.27731898343012,188.71330385209654,3
205.17882352941177,205.2548096885813,193.6640830449827,3
221.05462412114656,220.355327203894,179.50567874526772,3
218.8599111111111,218.84586666666667,195.7792,3
208.99659863945578,208.9982993197279,197.28798185941042,3
222.0130839100346,222.9889705882353,207.14549091695503,3
250.0,250.0,250.0,3
252.5,252.5,250.5,3
250.0,250.0,252.0,3
220.71625344352617,220.2552800734619,201.89715335169882,3
216.92597633136094,216.9708875739645,183.13828402366863,3
179.54946439823567,179.54946439823567,179.54946439823567,3
250.0,249.0,254.0,3
209.65752936988252,210.8180847276611,193.7554289782841,3
172.13751714677642,172.26748971193416,195.34019204389574,3
165.12950138504155,165.01246537396122,190.8301592797784,3
226.59390581717452,225.61440443213297,195.53462603878117,3
221.982421875,222.8525390625,207.849609375,3
193.1600237953599,194.10053539559786,188.44021415823914,3
170.28316326530611,170.2295918367347,202.98341836734693,3
206.0,206.876953125,202.076171875,3
170.95023668639053,170.96852071005918,182.87792899408285,3
193.04752298742727,193.95857571777069,178.14374179020453,3
192.95236686390533,192.95260355029586,190.9980473372781,3
186.9992,186.1064,190.7816,3
201.00022956841138,201.93250688705234,197.1370523415978,3
169.72083333333333,170.6975,207.32194444444445,3
249.0,249.0,249.0,3
191.24930747922437,191.24930747922437,191.24930747922437,3
249.0,249.0,251.0,3
181.95152354570638,181.95152354570638,183.9016620498615,3
197.0011890606421,197.93326397146254,193.13912009512484,3
171.02647959183673,171.08,178.88321428571427,3
197.97,197.92888888888888,188.67555555555555,3
160.0791015625,160.15625,194.83984375,3
216.89756140975436,216.01237095051619,196.1488964044144,3
199.97333333333333,199.90666666666667,190.48111111111112,3
177.99961419753086,177.9872685185185,179.98341049382717,3
166.5552,165.7284,202.3928,3
222.6078971533517,222.6951331496786,201.17263544536272,3
199.02,199.02,197.14,3
227.83429783950618,228.8912037037037,172.76003086419752,3
220.563776,220.419648,187.304064,3
250.0,250.0,250.0,3
207.47102864583334,206.51573350694446,185.93218315972223,3
250.0,250.0,250.0,3
169.02333333333334,168.76944444444445,179.81722222222223,3
250.0,250.0,250.0,3
192.982177734375,192.04632568359375,196.7904052734375,3
209.53668368718087,209.5579145391024,198.27089492072022,3
250.0,250.0,250.0,3
185.5976331360947,185.8698224852071,201.35798816568047,3
190.4165625,191.40828125,208.0440625,3
181.95375,181.01296875,185.8296875,3
250.0,250.0,250.0,3
202.8724279835391,202.7664609053498,179.81755829903977,3
249.0,249.0,249.0,3
249.0,249.0,249.0,3
205.7953216374269,205.73745767928594,207.82825484764544,3
195.63333333333333,194.63753086419754,200.66074074074075,3
208.00283553875235,208.99385633270322,191.87618147448015,3
250.0,250.0,250.0,3
218.55028207649707,217.5617721650018,187.0394907095906,3
223.8801652892562,224.76756198347107,195.12448347107437,3
251.0,250.0,248.0,3
156.63128526257051,156.6464132928266,189.55806311612622,3
161.25554016620498,162.2259349030471,202.832756232687,3
250.0,250.0,250.0,3
221.95122278957268,221.9710427304488,188.1580220370868,3
250.0,250.0,250.0,3
249.0,249.0,249.0,3
250.0,250.0,250.0,3
188.68495656149977,188.67337296143882,198.08992531626276,3
213.635986328125,214.661865234375,197.292236328125,3
225.94897959183675,226.2984693877551,189.6173469387755,3
164.28125,164.88020833333334,194.359375,3
156.15358126721762,156.20523415977962,189.27685950413223,3
226.2905982905983,227.25049309664695,198.8422090729783,3
223.7034023668639,222.8590976331361,179.78587278106508,3
157.1508875739645,157.0687573964497,216.45502958579883,3
198.5348148148148,199.3116049382716,186.54617283950617,3
161.73555555555555,162.26166666666666,205.78,3
180.99307958477507,180.14878892733563,184.73702422145328,3
226.93568211671985,226.90992681553763,193.324544942766,3
250.0,250.0,252.0,3
199.94649227110583,200.0820451843044,188.4447086801427,3
221.06625,221.8921875,206.44140625,3
168.00950038580248,167.98731674382717,205.66777584876544,3
195.0048828125,195.0048828125,195.0048828125,3
182.0988864617188,182.1551494485588,205.44093984762108,3
202.89795918367346,202.69897959183675,195.71428571428572,3
225.81361803980852,224.99011085915848,178.93531116150163,3
212.81581685744015,213.71279916753383,183.96774193548387,3
250.0,250.0,250.0,3
250.0,250.0,250.0,3
212.69934640522877,213.61822376009226,198.49500192233756,3
229.94297416509136,228.99086326402016,198.42265280403277,3
170.04130177514793,171.05473372781066,190.7089349112426,3
169.0576388888889,169.99791666666667,190.76854166666666,3
250.0,250.0,252.0,3
210.9675,210.965625,183.77,3
231.8915406427221,230.95344990548205,187.45061436672967,3
249.0,250.0,254.0,3
181.983154296875,181.92584228515625,174.2071533203125,3
196.0004,195.9956,198.0004,3
250.0,250.0,250.0,3
218.99108987603304,219.89863119834712,215.17600723140495,3
161.63673469387754,161.47102040816327,220.2683673469388,3
201.99049343594388,202.98494794024447,197.01459936622905,3
248.0,248.0,248.0,3
249.0,251.0,246.0,3
201.00017217630855,201.98995638200185,196.03730486685032,3
190.47448015122873,190.4689666036547,178.66614156689772,3
190.01783264746228,190.01783264746228,191.77606310013718,3
218.89134922124225,218.05104147119533,188.1823981985363,3
205.9918875067604,206.065981611682,183.96592752839373,3
158.0655076845553,158.1293776769967,191.6058201058201,3
218.4931878568602,217.56119622364182,198.05167052970774,3
207.99928571428572,208.93158163265306,195.04469387755103,3
175.48086734693877,175.05739795918367,198.30612244897958,3
250.0,251.0,246.0,3
229.97381591796875,229.91619873046875,196.1646728515625,3
197.1406724830899,198.06705224977944,182.5993530046074,3
190.63111111111112,191.63555555555556,205.9488888888889,3
250.0,250.0,250.0,3
189.9859693877551,189.11989795918367,203.56760204081633,3
250.0,250.0,250.0,3
249.0,249.0,249.0,3
166.2783564814815,166.26948302469137,193.30015432098764,3
163.90792243767314,164.076675900277,196.93052631578948,3
168.88846880907371,168.08884688090737,182.75897920604916,3
249.0,251.0,248.0,3
180.9920634920635,179.8843537414966,197.70578231292518,3
212.054,212.0464,200.3268,3
187.00027777777777,187.9998611111111,192.9345138888889,3
201.97527546358506,201.96418973394248,194.08425154528354,3
198.00005102040816,198.00005102040816,198.00005102040816,3
212.04024943310657,211.91765873015873,202.19742063492063,3
202.0,201.98961937716263,204.0,3
216.57825484764544,216.14612188365652,195.63919667590028,3
223.23781212841854,223.90368608799048,219.92746730083235,3
197.99938775510205,197.98607142857142,188.11158163265307,3
161.04423440453687,161.13088846880908,194.56937618147447,3
251.0,249.0,254.0,3
229.9628,230.7796,190.292,3
180.14409722222223,179.86197916666666,207.52734375,3
178.99320571315215,178.99320571315215,180.99161872644316,3
227.89694280078896,228.04421433267586,200.42373438527284,3
231.6663588796553,231.70021545090796,197.7223761157279,3
215.6684,215.564,192.7756,3
252.0,252.0,253.0,3
188.99339990817265,189.973427456382,194.97331267217632,3
168.96704821366632,169.916522141288,187.21482252283502,3
204.99932095971027,205.9523540063377,201.09619737437754,3
194.96774406768458,195.0249190296781,202.73210390640492,3
250.0,250.0,252.0,3
243.0,242.11111111111111,246.33333333333334,3
224.8259058725531,224.8747396917951,175.44096209912536,3
251.0,249.0,250.0,3
175.63333333333333,176.36444444444444,202.3177777777778,3
230.498046875,229.908203125,175.87890625,3
209.98545706371192,210.9549861495845,195.20637119113573,3
250.0,250.0,248.0,3
219.86694101508917,220.79355281207134,190.630658436214,3
177.16715257531584,178.03239390994494,197.66463047804154,3
206.98123456790123,205.98296296296297,211.88641975308641,3
185.99638429752065,185.99638429752065,185.99638429752065,3
221.2485136741974,221.43876337693223,196.46611177170035,3
217.49756048488507,216.51068859715306,197.11513505356874,3
230.43415637860082,230.35733882030178,197.14334705075447,3
206.99975203332673,207.94415790517755,203.111237849633,3
207.06805268595042,206.93582128099175,197.1402376033058,3
190.00054083288265,190.04326663061113,187.91508923742563,3
203.5076893502499,203.5076893502499,203.5076893502499,3
226.91502301117686,226.86341222879685,203.26166995397764,3
250.0,250.0,250.0,3
221.04801477377654,221.96799015081564,192.8187134502924,3
205.89584044805682,205.8039068369647,196.10736971518338,3
185.99977043158862,186.99896694214877,181.05911386593203,3
161.55726092089728,161.3570585258897,188.21032214538707,3
216.73333333333332,216.79111111111112,193.68555555555557,3
209.75619834710744,210.00413223140495,184.35330578512398,3
175.16457100591717,175.88868343195267,196.86353550295857,3
165.56365740740742,166.4351851851852,186.68595679012347,3
224.98223876953125,225.9254150390625,212.1510009765625,3
204.99238227146813,206.03562634656816,188.2563865804863,3
167.70587158203125,168.68365478515625,189.33642578125,3
207.99970273483947,207.9601664684899,198.34928656361475,3
184.6747256515775,184.6582647462277,186.60991083676268,3
228.9993752603082,229.95907955018743,214.23281965847565,3
228.01303854875283,227.0141723356009,196.94274376417235,3
169.04264298311918,170.0275888133031,189.86917359536406,3
162.03862973760934,162.2289670970429,206.93669304456478,3
217.94882213294375,217.04172753834916,186.28602081811542,3
231.053125,230.964375,194.0575,3
158.80708398306973,159.0012809088884,191.78792604143462,3
250.0,250.0,252.0,3
216.57697163538424,216.58151670734787,193.15326992677385,3
155.39460059171597,156.2348372781065,199.28883136094674,3
217.3056247775009,217.43422926308295,192.46662513349946,3
180.08098765432098,179.0579012345679,209.63753086419754,3
177.00765457788347,177.03552318668252,188.6131837098692,3
210.95833333333334,210.95833333333334,208.98263888888889,3
250.0,250.0,250.0,3
216.95081360946745,216.90384615384616,181.75295857988166,3
252.33333333333334,252.44444444444446,251.44444444444446,3
250.0,250.0,250.0,3
172.0175,171.08464285714285,184.8441836734694,3
192.00069252077563,192.00069252077563,192.00069252077563,3
218.8001314924392,219.02777777777777,193.21646942800788,3
205.01248366961823,204.30396283930904,183.6935694585571,3
170.02260204081634,169.03704081632654,184.78622448979593,3
250.0,250.0,248.0,3
186.93979360451664,187.8744041834421,183.06950807533897,3
249.0,251.0,240.0,3
228.90376984126985,228.90745464852608,177.54478458049886,3
190.96811224489795,190.03061224489795,195.63520408163265,3
227.8534693877551,227.97040816326532,202.23367346938775,3
226.86033163265307,225.84614158163265,182.57214604591837,3
199.4204081632653,199.4391836734694,188.32244897959183,3
202.01370510396976,202.09640831758034,190.63421550094517,3
250.0,250.0,248.0,3
178.86046875,178.046875,193.0840625,3
165.1230486685032,164.6574839302112,188.4811753902663,3
191.0,191.901875,187.12125,3
228.99219467401286,229.9295224977043,214.49540863177228,3
192.92965496728138,192.95107079119572,204.78658536585365,3
158.59024691358024,157.58024691358025,186.48864197530864,3
221.25903498654364,222.14792387543253,192.74211841599384,3
188.70256931339816,189.73769777906807,207.01146755697488,3
195.99971164936562,196.00009611687813,194.00509419454056,3
171.08329395085067,172.20770321361059,189.56356332703214,3
250.0,250.0,250.0,3
197.01466049382717,197.01466049382717,195.12577160493828,3
177.96763085399448,178.7224517906336,198.17561983471074,3
203.94938016528926,203.94938016528926,203.94938016528926,3
169.01111111111112,167.90027777777777,185.7975,3
251.0,249.0,250.0,3
250.0,250.0,250.0,3
250.0,250.0,252.0,3
250.0,251.0,245.0,3
188.02218934911244,188.10059171597632,195.6815828402367,3
174.09446204919269,174.2606005734118,207.24656707409085,3
178.29903978052127,179.2729766803841,194.03566529492454,3
205.9502479338843,205.0301652892562,174.38487603305785,3
250.0,250.0,252.0,3
231.3216580749947,231.3624744015253,194.41564861238612,3
168.77679500520293,169.84729448491154,196.5273152965661,3
183.01888888888888,182.25333333333333,195.9177777777778,3
168.41831425598335,169.4443288241415,189.6378772112383,3
194.01727272727274,194.01727272727274,196.01462809917356,3
215.9422260802469,215.903018904321,192.28076774691357,3
228.5692733564014,229.49190311418684,191.02574394463667,3
250.0,250.0,248.0,3
212.9986225895317,212.99770431588612,203.12718089990818,3
161.6846875,162.78234375,191.6575,3
173.06597222222223,173.40625,191.85590277777777,3
219.7525,220.6175,207.3759375,3
250.0,250.0,250.0,3
230.97357142857143,231.93683673469388,192.19642857142858,3
213.9224203627496,213.95732357872276,188.93461362597165,3
228.85875,229.89,190.3028125,3
249.0,249.0,249.0,3
169.47576530612244,169.79719387755102,190.35969387755102,3
218.86355529131987,219.98573127229488,178.58263971462546,3
231.1640625,230.864501953125,195.576416015625,3
223.7347645429363,223.98614958448752,198.37603878116343,3
223.82433431952663,222.94378698224853,175.91974852071007,3
188.0,187.9677643324737,199.83931759571513,3
225.59775696612326,225.52283500982773,190.72621112267313,3
192.94701743331234,193.04825666876707,202.93614786809493,3
250.0,250.0,250.0,3
173.10323859285617,172.18120805369128,185.8011801270213,3
208.95270181001453,208.04056017968028,188.63614744351963,3
190.0831611570248,191.12525826446281,208.66283574380165,3
226.07048771804912,225.97650409398364,192.2178711285155,3
232.46075293400395,232.41472336534065,209.42142966011278,3
179.54946439823567,179.54946439823567,177.56395715185886,3
213.3327664399093,214.31997984378935,208.37125220458555,3
226.3560658532687,227.32825403591028,197.01832809419787,3
158.1098615916955,157.12889273356402,198.10553633217992,3
250.0,250.0,248.0,3
216.43795918367346,216.37142857142857,193.05795918367346,3
173.83938775510205,174.89244897959185,193.09244897959184,3
218.519158527423,218.598729594973,181.62413769551262,3
224.5991124260355,224.85059171597632,201.67307692307693,3
211.96875,211.968994140625,188.156005859375,3
223.1310196195006,222.04629904875148,191.1411266349584,3
199.9866255144033,200.94067215363512,185.6090534979424,3
231.923828125,231.06396484375,200.29608154296875,3
195.0436,195.9988,180.1732,3
223.05546892403655,223.96925818667856,182.24443083092004,3
250.0,251.0,246.0,3
175.303424,176.366976,193.700352,3
161.20371208691716,161.16206428248077,194.18786781349027,3
212.0094752186589,212.9902124114952,207.11536859641816,3
193.00094645754461,193.00148729042726,191.00851811790156,3
209.82698961937717,209.7754709727028,200.30911188004615,3
163.57879818594105,164.1859410430839,205.6626984126984,3
191.52923076923076,191.5141420118343,201.24313609467455,3
204.58183673469387,203.89102040816326,183.13020408163266,3
162.33435142764588,161.39395622194456,191.4902586885094,3
155.5285596707819,154.58529492455418,184.8638683127572,3
153.18250688705234,154.089072543618,197.3872819100092,3
205.72625,205.588125,195.80890625,3
250.0,250.0,250.0,3
193.81794791010293,193.81794791010293,191.93010922075194,3
214.69505933843953,213.70069859439442,194.36166989310664,3
218.45736028537456,218.47434007134365,193.01674197384065,3
247.0,251.0,252.0,3
218.93371176580973,218.97419778570088,185.12230249577783,3
184.0,183.0346875,188.0178125,3
193.35804556781773,193.47970808116767,181.94633321466713,3
229.86180606281957,229.93179327976625,180.11577794010228,3
251.0,249.0,254.0,3
165.799072265625,164.907958984375,203.212158203125,3
208.99388888888888,208.9361111111111,199.28416666666666,3
250.0,250.0,252.0,3
250.0,250.0,250.0,3
199.97385808675668,200.0442401608733,188.2334099396725,3
250.0,250.0,250.0,3
173.0848,174.0736,198.6224,3
250.0,250.0,250.0,3
214.92977928088288,215.01468494126024,187.34896760412957,3
190.44784580498867,190.61111111111111,223.34807256235828,3
218.6019469983775,217.65657111952407,188.91400757166036,3
198.9625,199.93,184.5725,3
229.85396842560553,229.90122188581316,180.11564662629758,3
249.0,249.0,249.0,3
250.0,250.0,250.0,3
183.01444444444445,182.58666666666667,204.5911111111111,3
249.0,251.0,250.0,3
208.825906492286,209.82363536690423,192.42564022241365,3
184.00780321046372,184.95882877526753,180.0743162901308,3
211.21464285714285,211.27744897959184,187.58770408163267,3
209.87830812854443,209.00909735349717,189.32195179584122,3
179.06521739130434,177.94045368620039,195.12381852551985,3
213.992919921875,214.859130859375,201.39990234375,3
159.10708977407847,158.94508026159335,186.56673602853746,3
186.00175770686857,185.14426717144403,198.73702001081665,3
185.1255847627534,184.1856760971263,188.94725996881266,3
193.0216836734694,194.13010204081633,176.69005102040816,3
207.99586776859505,208.82179752066116,204.34710743801654,3
182.0016,182.1476,189.6488,3
157.19677500629882,158.10985134794657,187.44469639707734,3
186.00336409073432,185.03940792003075,198.9462706651288,3
187.23676458210588,187.28490867772072,195.04688157562495,3
181.89644970414201,181.0680473372781,185.48816568047337,3
160.77797607244366,160.7948311190429,184.9929274902505,3
250.0,250.0,250.0,3
250.0,250.0,250.0,3
172.07253269916765,173.0,192.06658739595719,3
161.99443083092004,161.95227222098464,173.84328358208955,3
250.0,250.0,250.0,3
183.98022892819978,183.1248699271592,196.96279916753383,3
250.0,250.0,250.0,3
201.2085048010974,202.11522633744855,196.6090534979424,3
199.0082304526749,199.0082304526749,200.95473251028807,3
219.06906745498523,219.10427304488042,194.41279226014512,3
250.0,250.0,250.0,3
196.0118147448015,195.13185255198488,209.1531190926276,3
165.39776236816036,165.35557368451722,192.6282267933104,3
197.0,197.99935433884298,192.0936208677686,3
250.0,250.0,250.0,3
250.0,250.0,248.0,3
221.78287197231833,221.04044117647058,201.49653979238755,3
230.763125,231.736875,191.689375,3
189.0,189.99305555555554,184.28125,3
162.0325,161.231875,191.214375,3
165.70535714285714,166.4390943877551,186.8845663265306,3
219.96740362811792,220.02366780045352,182.76303854875283,3
213.00566893424036,213.05612244897958,201.54988662131518,3
204.87676236394185,204.91789027686463,167.9444079187669,3
177.27603677988367,178.09926815537625,198.23587915181085,3
171.95246717971932,172.85728836577636,193.39486192847443,3
249.0,249.0,247.0,3
250.0,250.0,250.0,3
177.01953125,177.9384765625,182.867431640625,3
224.00775510204082,223.95877551020408,186.52795918367346,3
193.92414818820984,193.10073012439156,172.29488912925905,3
250.0,250.0,252.0,3
208.0074364521363,208.98107084910762,193.0797728501893,3
164.07986111111111,164.34722222222223,197.01909722222223,3
249.0,249.0,251.0,3
248.0,248.0,248.0,3
219.8769513314968,218.99919651056015,171.34400826446281,3
180.9792899408284,180.07396449704143,195.7130177514793,3
159.3343195266272,158.93491124260356,185.94230769230768,3
220.79587383455663,219.99345367982542,175.54413806784368,3
215.021814599362,216.05568586976918,198.2248076562207,3
215.98861188057865,216.0297783933518,178.64188981224993,3
206.9987244897959,207.92410714285714,194.0264668367347,3
250.0,250.0,248.0,3
249.0,249.0,249.0,3
223.96460459183675,222.99968112244898,192.24936224489795,3
171.52025134895158,172.3912301072331,189.95423809849055,3
213.01530612244898,213.93112244897958,198.6377551020408,3
181.10650205761317,181.10628257887518,183.07434842249657,3
250.0,250.0,250.0,3
193.00484764542935,193.89681440443212,189.2209141274238,3
219.60658424970973,220.55966122532615,204.8722081825012,3
186.99981234753238,186.03054043910677,190.93807468568212,3
211.97976680384087,212.94787379972564,197.10330932784638,3
210.22333333333333,209.74833333333333,202.17055555555555,3
250.0,250.0,248.0,3
196.79938914341247,195.86533388865752,200.6419547410801,3
183.00147928994082,183.85281065088756,179.30917159763314,3
205.0000938262338,205.9988271720773,199.98836554700694,3
222.87686736079675,222.84880036215483,199.39395654142146,3
250.0,250.0,250.0,3
250.0,250.0,250.0,3
188.09438775510205,188.91326530612244,193.8609693877551,3
218.96713265913147,218.94527067221892,181.47769185008923,3
231.86810613943808,231.98413111342353,206.30489073881373,3
154.05597014925374,154.14763867231008,177.76581644018714,3
250.0,250.0,250.0,3
202.0,202.0,203.99744897959184,3
154.41352886775005,154.32738803012288,181.23992601400448,3
192.005839100346,192.92073961937717,179.1929606401384,3
250.0,249.0,255.0,3
161.37551020408162,160.7808163265306,198.08897959183673,3
174.00425330812854,173.8147448015123,185.30198487712664,3
230.84352172241447,230.69742406766628,198.840061514802,3
250.0,250.0,250.0,3
184.97281804733728,183.97808801775147,189.92732988165682,3
172.2306652853475,173.1027431196793,192.6094770505833,3
183.065185546875,183.9866943359375,203.8707275390625,3
209.0735802469136,209.93827160493828,205.34716049382715,3
213.9576124567474,213.92776816608998,176.6392733564014,3
228.896875,228.040625,207.1375,3
228.8349609375,228.931640625,202.830078125,3
178.05955555555556,179.04,183.8599111111111,3
153.3324,153.2468,202.1976,3
230.7636423405654,229.96794871794873,184.55358316896778,3
182.0157214506173,181.07706404320987,194.905574845679,3
170.16571279916752,171.10145681581685,188.86550468262226,3
